EntropyAverage,EntropyStd,EntropyMedian,EntropyMin,EntropyMax,VAverage,VStd,VMedian,VMin,VMax,reward,step
-0.03291612697972192,0.002115165968156284,-0.033665336668491364,-0.0336671806871891,-0.026933543384075165,23.250802516937256,7.108210669895125,25.328706741333008,6.445291042327881,29.230010986328125,42.0,3
-0.030297535471618176,0.005829880690682761,-0.03366185538470745,-0.033666543662548065,-0.020199887454509735,20.54902109503746,11.420365371335345,26.289952278137207,1.0020021200180054,28.614177703857422,16.0,7
-0.030651056518157322,0.006429858387511041,-0.0336516797542572,-0.03366424888372421,-0.013466628268361092,21.96980028682285,10.6857888108382,27.548152923583984,2.12117338180542,29.790346145629883,39.0,13
-0.023529837606474757,0.011153234316273816,-0.026868436485528946,-0.033649515360593796,-0.006732962094247341,13.102356001734734,12.463309779570997,12.502681016921997,0.42476433515548706,26.979297637939453,12.0,17
-0.026873169666422263,0.010787547263740234,-0.03358333557844162,-0.03364258259534836,-0.006656445097178221,18.936207677636826,11.485073089855007,23.849994659423828,0.19461995363235474,30.229150772094727,26.0,25
-0.031305927162369095,0.0031096412565729927,-0.03350155055522919,-0.033507999032735825,-0.026908231899142265,16.01397180557251,8.489781563003772,15.409579277038574,5.931534290313721,26.700801849365234,12.0,28
-0.029154662741348147,0.010046189750183742,-0.03365051746368408,-0.03366056829690933,-0.006690726149827242,22.12985507150491,9.956426262541767,26.41899013519287,0.26174303889274597,28.49236488342285,24.0,35
-0.02689710268750787,0.010432472369868955,-0.033589862287044525,-0.03364848345518112,-0.006688256282359362,19.962538743019103,10.807215842792996,26.873950958251953,1.2594300508499146,29.955738067626953,18.0,41
-0.026863985043019057,0.010422082484696364,-0.033426374197006226,-0.033659324049949646,-0.00666635250672698,20.468386125564574,11.20389144857707,28.465015411376953,1.4675676822662354,29.995059967041016,18.0,47
-0.03278013737872243,0.002216015083957008,-0.03362507373094559,-0.033646002411842346,-0.026917699724435806,23.056850969791412,7.977229382448608,27.347302436828613,5.679947376251221,28.2102108001709,37.0,58
-0.033622438460588454,4.2374938339304584e-05,-0.03364070877432823,-0.03366203233599663,-0.03354695066809654,23.240032482147218,9.11500806942603,26.876737594604492,5.279601573944092,30.011367797851562,23.0,63
-0.029113103325168293,0.006391272318744202,-0.03360629081726074,-0.03365848958492279,-0.020074529573321342,16.72581175963084,11.127309917938458,22.474956512451172,1.1651824712753296,26.537296295166016,11.0,66
-0.025217736139893532,0.00874780760067545,-0.02687571756541729,-0.03365408629179001,-0.01346542313694954,15.491958498954773,13.237036583479155,14.417315363883972,2.1617963314056396,30.971406936645508,13.0,71
-0.028270305693149568,0.00784674201273615,-0.03364894911646843,-0.03365589678287506,-0.013465393334627151,17.071219062805177,11.749222552718106,25.823083877563477,2.560424327850342,27.67536735534668,19.0,77
-0.029165656305849552,0.010032170391625257,-0.0336551982909441,-0.03366522490978241,-0.0067330654710531235,19.243869145711262,11.4684089253763,26.401140213012695,0.4124116897583008,29.044288635253906,24.0,81
-0.02860584412701428,0.008742564993553586,-0.033647336065769196,-0.03366541117429733,-0.013463293202221394,21.099908977746964,11.564294869191944,26.367281913757324,1.2901960611343384,30.374876022338867,15.0,88
-0.02692203177139163,0.006736704586848802,-0.02692711353302002,-0.03366149961948395,-0.020172400400042534,16.71082305908203,12.442766574112726,17.368618965148926,1.8652973175048828,30.24075698852539,14.0,93
-0.03028162627015263,0.006734111112089524,-0.0336544644087553,-0.03366639465093613,-0.013466491363942623,19.984876424074173,10.094639810947815,24.11867046356201,2.3758974075317383,28.48530387878418,34.0,102
-0.02356630051508546,0.011166025346216706,-0.02693297527730465,-0.03366662189364433,-0.006732629612088203,14.16226476430893,13.1058322208291,14.207936823368073,0.5890833139419556,27.644102096557617,12.0,106
-0.030291654535436204,0.00834334440623087,-0.033658431842923164,-0.03366672620177269,-0.006722563412040472,23.25638039622988,8.841591708727902,25.93648052215576,1.6105705499649048,30.88298225402832,61.0,114
-0.032694876460092406,0.0023527753321064297,-0.033655837178230286,-0.03366472199559212,-0.02693181298673153,21.697401796068466,7.139941649242459,24.974905014038086,6.396981716156006,27.359264373779297,32.0,116
-0.03229830265045166,0.004033460039113267,-0.033645063638687134,-0.03366198390722275,-0.020198065787553787,23.930680406093597,7.722045110864503,26.11131000518799,1.5518583059310913,29.18661880493164,46.0,126
-0.0285895518027246,0.008733161457870892,-0.03362663276493549,-0.03364165499806404,-0.013463286682963371,14.98205840587616,10.955063028157713,15.537078857421875,2.05006742477417,26.80400848388672,15.0,131
-0.0268017736574014,0.009504037742777444,-0.03343205153942108,-0.033611834049224854,-0.013361435383558273,16.637136260668438,11.353320449174884,24.64237403869629,0.581138014793396,24.687896728515625,10.0,135
-0.02859513834118843,0.005581746201624059,-0.03026581835001707,-0.03365303575992584,-0.02019588090479374,16.08516627550125,10.952618945462243,17.08910369873047,2.7373650074005127,27.425092697143555,15.0,139
-0.025541787128895523,0.01076274220673067,-0.03356856107711792,-0.0336604043841362,-0.006733292248100042,17.017961895465852,12.871890073740614,26.260391235351562,0.5688491463661194,28.2947998046875,17.0,141
-0.029165448310474556,0.0074429423783736424,-0.03365458548069,-0.03366244211792946,-0.01346597820520401,18.794665932655334,11.572119943876743,25.504995346069336,2.378937005996704,29.78356170654297,24.0,145
-0.02683908271137625,0.011608928911653521,-0.033488791435956955,-0.033646609634160995,-0.006732138339430094,14.197078958153725,10.838013012716496,15.715562105178833,0.4219422936439514,24.93524932861328,14.0,151
-0.03241384452716871,0.0038946983229943503,-0.03365921601653099,-0.03366424888372421,-0.020098010078072548,23.75101248784499,7.2320468798077275,25.95484161376953,0.9420913457870483,27.154644012451172,51.0,162
-0.02798561689754327,0.008178226567525797,-0.033562177792191505,-0.03366447612643242,-0.013460453599691391,17.213346620400745,11.023234694594745,23.90155029296875,0.8873656988143921,27.078052520751953,23.0,164
-0.030294304247945547,0.007525786169569589,-0.03365965187549591,-0.03366266191005707,-0.01346613559871912,18.88402207692464,10.76065752424353,25.33550453186035,2.3828916549682617,28.702007293701172,25.0,171
-0.03140480816364288,0.005013587318553375,-0.033645275980234146,-0.03365696966648102,-0.020194105803966522,22.049849549929302,9.026290266832945,24.924277305603027,2.1098406314849854,28.17609405517578,26.0,176
-0.02683366648852825,0.008206307879722782,-0.030153578147292137,-0.033569805324077606,-0.013457704335451126,13.444258630275726,11.099128643304322,13.352652668952942,2.059924602508545,25.011804580688477,14.0,179
-0.02689410870273908,0.010270198992091733,-0.033603494986891747,-0.03363964706659317,-0.006732545793056488,18.113503485918045,11.895852610075286,24.42427349090576,0.5751439929008484,30.331680297851562,22.0,184
-0.026912326365709303,0.008505623947795636,-0.03362732380628586,-0.033651202917099,-0.013465408235788345,17.013966417312623,12.153657335003901,24.195449829101562,2.1895251274108887,29.670379638671875,18.0,188
-0.03017762489616871,0.007479391314017609,-0.03360739164054394,-0.03365446999669075,-0.013459242880344391,18.621026635169983,10.782667787476003,24.664945602416992,2.0619986057281494,28.371646881103516,25.0,193
-0.03337116912007332,0.00024164840579032898,-0.03337116912007332,-0.03361281752586365,-0.03312952071428299,16.98311686515808,11.22498631477356,16.98311686515808,5.7581305503845215,28.20810317993164,8.0,196
-0.028864063943425815,0.006460121233874245,-0.03331993892788887,-0.03354327008128166,-0.01972898282110691,17.290532032648724,11.520158517820624,24.24390983581543,1.0541808605194092,26.573505401611328,11.0,201
-0.025109291076660156,0.008646915292885487,-0.026731624267995358,-0.03351745009422302,-0.013456465676426888,14.067211031913757,12.106188664340532,13.455010533332825,1.9479076862335205,27.41091537475586,13.0,204
-0.02673663633565108,0.009386571560803629,-0.03318915516138077,-0.03355703502893448,-0.013463718816637993,11.820869366327921,10.938754492335706,5.390450477600098,2.851177930831909,27.220979690551758,10.0,207
-0.033517188392579556,9.715707695706398e-05,-0.033522434532642365,-0.033646780997514725,-0.03337710350751877,21.145440101623535,9.522038332987027,25.968677520751953,4.839593887329102,27.804811477661133,18.0,211
-0.03164519928395748,0.0047862287818291865,-0.0336061492562294,-0.03364930301904678,-0.019921904429793358,23.188484123774938,8.212595261932469,26.176340103149414,3.1497206687927246,28.2047119140625,31.0,216
-0.024120004661381245,0.011663752082104805,-0.03342791646718979,-0.03357495740056038,-0.006697331555187702,16.550091600418092,12.01909079867669,24.71522331237793,1.6851389408111572,27.79433250427246,16.0,218
-0.028331569395959377,0.005759229178043145,-0.0301108593121171,-0.03361300751566887,-0.01949155144393444,16.173333793878555,9.5745188205204,19.11767578125,1.4004484415054321,25.05753517150879,15.0,221
-0.029996866670747597,0.0074093451854062705,-0.033436549827456474,-0.033652905374765396,-0.013458913192152977,19.1021511554718,10.733081881979107,25.481046676635742,2.51993465423584,27.971040725708008,25.0,224
-0.02942563369870186,0.008052701458599817,-0.03357434272766113,-0.03358384966850281,-0.013325124979019165,21.31801919937134,9.492589724622853,25.968608856201172,2.335989475250244,26.31144905090332,20.0,227
-0.03127142352362474,0.00497852184407547,-0.033432627096772194,-0.033627934753894806,-0.02014101669192314,22.65899972120921,8.061142500228089,25.764511108398438,2.8570895195007324,28.033519744873047,54.0,234
-0.025289341807365417,0.009823667972695165,-0.032797250896692276,-0.03364359587430954,-0.013074293732643127,17.169473457336426,11.541887898316915,25.370792388916016,2.3658618927001953,28.66852569580078,17.0,237
-0.02622220106422901,0.006083173677325249,-0.02622220106422901,-0.03230537474155426,-0.020139027386903763,5.264685392379761,0.6695330142974854,5.264685392379761,4.595152378082275,5.934218406677246,6.0,240
-0.029483924619853497,0.0037678303197026253,-0.029483924619853497,-0.03325175493955612,-0.02571609430015087,16.390076398849487,12.099541902542114,16.390076398849487,4.290534496307373,28.4896183013916,7.0,243
-0.030334868383678524,0.007741680624305753,-0.0333842933177948,-0.03364057093858719,-0.006733430549502373,21.452827524055134,9.219653813576276,25.162792205810547,0.5394859910011292,27.15589141845703,48.0,249
-0.030370576471528587,0.008634845691380526,-0.03359248861670494,-0.03364343196153641,-0.006718967575579882,22.98594573666068,7.828168266009902,25.864534378051758,0.5394688844680786,27.51473045349121,75.0,257
-0.026595215499401092,0.010373155579933622,-0.033153679221868515,-0.03332548588514328,-0.006477637216448784,18.974299335479735,9.358783756190999,24.64567756652832,2.852241039276123,26.927913665771484,18.0,262
-0.031138602851165667,0.004609806826972145,-0.033450301736593246,-0.033617809414863586,-0.019473960623145103,22.06847752465142,7.263399776969582,25.47132110595703,4.138522148132324,27.174434661865234,40.0,268
-0.027886904776096344,0.008078729704342105,-0.0333423838019371,-0.0335773341357708,-0.013433771207928658,18.420161724090576,10.400518333073105,25.330031394958496,2.5440330505371094,26.516801834106445,23.0,274
-0.026313713984563947,0.007931282853542115,-0.029470199719071388,-0.03289391100406647,-0.013420545496046543,14.84971308708191,11.013995236505632,15.480690479278564,2.527088165283203,25.910383224487305,14.0,277
-0.02731462346855551,0.01013572938252317,-0.032885296270251274,-0.03358326107263565,-0.0067277029156684875,20.075605254620314,10.009342917265089,25.604029655456543,0.4568551480770111,26.477027893066406,31.0,283
-0.02771851234138012,0.005403962140854666,-0.030605563893914223,-0.03240302950143814,-0.020146943628787994,12.532583077748617,8.667106050787138,6.502614974975586,6.305938243865967,24.789196014404297,11.0,285
-0.032469573865334195,0.0033225596996887923,-0.03346863389015198,-0.03362850844860077,-0.020082522183656693,24.270856030782063,4.868895543353702,25.536937713623047,6.126633644104004,26.336048126220703,71.0,295
-0.031057081318327358,0.005215779134842181,-0.03301216848194599,-0.033514589071273804,-0.01342611201107502,22.727957589285715,7.255441897873629,25.414950370788574,2.481477737426758,26.989843368530273,64.0,304
-0.030248420609330588,0.007714909743492859,-0.03333728760480881,-0.03357004374265671,-0.006729265209287405,21.714916584166613,8.449658882451997,25.434247970581055,0.4612670838832855,26.161495208740234,48.0,311
-0.02631289919372648,0.011316735910926065,-0.03259669244289398,-0.03332679346203804,-0.006731418427079916,15.06550958007574,11.030161150380716,16.9594464302063,0.4683400094509125,25.874805450439453,14.0,313
-0.03194011854273932,0.0028954814884958164,-0.033293742686510086,-0.0335555225610733,-0.02493938058614731,23.19342041015625,5.847421981270727,25.56217384338379,8.876518249511719,25.946794509887695,32.0,317
-0.028771907608542178,0.008862909313423465,-0.03341209888458252,-0.033574070781469345,-0.006729454733431339,20.991392721732456,8.757657687003189,25.48069953918457,0.48058655858039856,25.702377319335938,37.0,322
-0.02488042302429676,0.009876841256602618,-0.03228244557976723,-0.03326049819588661,-0.012195378541946411,17.674419593811034,10.042254250238955,25.463184356689453,2.272698402404785,25.807449340820312,17.0,326
-0.029295874014496803,0.008576110768193212,-0.03332710266113281,-0.0335078164935112,-0.006533568724989891,21.648555183410643,7.700279781974661,25.372075080871582,6.246877670288086,25.99828338623047,42.0,331
-0.030289426445961,0.0024676865166084905,-0.03163624554872513,-0.03240416571497917,-0.026827868074178696,17.108216285705566,6.120237026348914,14.16384220123291,11.531719207763672,25.629087448120117,12.0,336
-0.029096122458577157,0.007925611732204478,-0.0328378789126873,-0.03349101543426514,-0.01326349563896656,22.38447971343994,6.036638704797698,25.287282943725586,10.318768501281738,25.692773818969727,20.0,339
-0.030369229200813506,0.00472923933631348,-0.033023588359355927,-0.0336129255592823,-0.02008202113211155,21.329461733500164,7.002723703098238,24.622791290283203,6.637177467346191,25.70115089416504,40.0,342
-0.02636450808495283,0.011342288567627931,-0.032617729157209396,-0.033493462949991226,-0.006729111075401306,16.106028765439987,10.361586751299063,19.17397689819336,0.4877709150314331,25.588390350341797,14.0,345
-0.0313835543181215,0.00294783466755636,-0.03211484104394913,-0.033603180199861526,-0.024566657841205597,22.840451104300364,4.708518712530181,24.87715721130371,11.342447280883789,25.31905746459961,32.0,349
-0.029316572272883996,0.009236300911200007,-0.03312133252620697,-0.033541060984134674,-0.006722420919686556,20.221873922007426,8.890008095780418,25.282886505126953,0.4564291834831238,25.56072998046875,29.0,354
-0.031699635088443756,0.005623762889160759,-0.03317488729953766,-0.03354654833674431,-0.006696226075291634,24.548276992071244,3.1863037786829325,25.370399475097656,10.496421813964844,25.9294376373291,99.0,365
-0.028513756979789053,0.007250836556171584,-0.03162621706724167,-0.03330902010202408,-0.011444136500358582,21.03763621194022,5.311453260956596,24.350364685058594,11.508193016052246,25.47051239013672,29.0,369
-0.02755751150349776,0.005316998074529477,-0.03072894923388958,-0.03187621384859085,-0.020067371428012848,17.105544090270996,7.792834788422053,19.004507064819336,6.754580497741699,25.557544708251953,11.0,373
-0.03099787173171838,0.005256721048244195,-0.03331425040960312,-0.0335676334798336,-0.01925000175833702,23.652697563171387,2.9708586247017754,24.80234146118164,17.039138793945312,25.39046287536621,26.0,377
-0.025391187674055498,0.011170185464302316,-0.032976094633340836,-0.033391404896974564,-0.006314043886959553,18.80942638715108,9.152450611653562,24.932148933410645,2.332920551300049,25.225309371948242,21.0,382
-0.030558068305253983,0.006017158874750293,-0.03300666995346546,-0.03350478410720825,-0.013427117839455605,22.809514331817628,4.160917931593925,24.656962394714355,13.65027904510498,26.054725646972656,44.0,387
-0.027012409269809724,0.006532944573137515,-0.030718177556991577,-0.03343359753489494,-0.018082745373249054,20.87482395172119,7.420194028737722,24.991064071655273,6.260041236877441,25.61942481994629,19.0,392
-0.02088748209644109,0.011351419406814715,-0.022659452632069588,-0.0319909043610096,-0.006240118760615587,15.265721201896667,9.696402887100762,16.939845085144043,2.1527915000915527,25.03040313720703,11.0,393
-0.024134947452694178,0.010862243362852998,-0.02934631798416376,-0.03217286989092827,-0.00567428395152092,18.836281299591064,6.329365476523529,19.46443462371826,11.222679138183594,25.19357681274414,13.0,395
-0.02904161624610424,0.0036259686597861648,-0.029495002701878548,-0.032661329954862595,-0.02451512962579727,22.121654987335205,4.598818468508908,24.556961059570312,14.173210144042969,25.199487686157227,16.0,399
-0.027081062241146963,0.00969642415788456,-0.03246571309864521,-0.03345026820898056,-0.00672724936157465,19.908017208178837,8.748081407942104,23.55783176422119,0.48374587297439575,25.316553115844727,23.0,402
-0.022878881233433884,0.011514623153953244,-0.02913810685276985,-0.03276834636926651,-0.0067301904782652855,17.56598283847173,12.10276799877889,25.203433990478516,0.4819832444190979,27.012531280517578,9.0,406
-0.029822773433157375,0.007706692230097651,-0.03342745825648308,-0.033475328236818314,-0.011014500632882118,23.882402692522323,1.898025470214123,24.57294273376465,19.318052291870117,25.281938552856445,30.0,409
-0.030400053365156054,0.006883616004374003,-0.032844385132193565,-0.03351084142923355,-0.006704730913043022,22.035793870687485,5.4274245186249575,24.040748596191406,6.45233678817749,24.941295623779297,72.0,416
-0.02890219842083752,0.008793850272482218,-0.03303959220647812,-0.03343452885746956,-0.006397737190127373,21.60118281841278,4.739769342741823,24.31325054168701,13.088595390319824,25.008455276489258,33.0,420
-0.03111845099677642,0.002700043732559953,-0.032221593894064426,-0.0334768183529377,-0.026047563180327415,23.811012744903564,5.505948203225806,24.902831077575684,12.565600395202637,30.951194763183594,27.0,424
-0.027057599276304245,0.006595542891388451,-0.03029262274503708,-0.033016547560691833,-0.017863627523183823,24.879940668741863,1.4711619189323102,24.03883934020996,23.652496337890625,26.948486328125,11.0,426
-0.0282148455735296,0.008663750557612955,-0.03316514939069748,-0.03338417038321495,-0.01300036534667015,21.44787535071373,7.259268953014462,24.32132339477539,2.26141619682312,24.542612075805664,32.0,433
-0.028733002554093088,0.005764143933725608,-0.031722068786621094,-0.03351973742246628,-0.019479183480143547,23.42455346243722,7.719339746244062,24.957109451293945,6.487417221069336,34.439674377441406,29.0,437
-0.02212162222713232,0.009909831505019518,-0.022368784993886948,-0.03257528692483902,-0.011173631995916367,17.838129103183746,9.00820786387812,22.551047325134277,2.2754671573638916,23.97495460510254,12.0,442
-0.029371253807436336,0.00692987047075458,-0.032845716923475266,-0.03356826677918434,-0.011339617893099785,22.61181263490157,5.274053618372897,24.443208694458008,6.15294885635376,25.266807556152344,48.0,446
-0.030428266152739525,0.004602886903501241,-0.03247111104428768,-0.032875578850507736,-0.02016465738415718,23.08136487007141,9.25265452096641,23.65160369873047,6.057801723480225,37.979766845703125,26.0,450
-0.03230977989733219,0.0011503948842062207,-0.032611992210149765,-0.0333806648850441,-0.030634470283985138,29.67072868347168,8.649523090367595,24.93355941772461,24.173866271972656,44.641929626464844,18.0,454
-0.025893887970596552,0.00763322796101655,-0.02857954427599907,-0.03330140933394432,-0.013115053996443748,24.46269130706787,1.7266207167309178,24.317882537841797,22.41145133972168,26.80354881286621,15.0,458
-0.027212248050740788,0.009592642916458123,-0.032626017928123474,-0.03335433825850487,-0.006313418969511986,20.517594473702566,6.304358699946553,23.806011199951172,6.333343505859375,24.46635627746582,27.0,462
-0.030938330505575453,0.0031551051566449406,-0.032017312943935394,-0.03358882665634155,-0.02583346515893936,24.960039819989884,7.606470243147754,24.05482292175293,13.30040454864502,41.21681594848633,31.0,466
-0.028118776041083038,0.009149072644251023,-0.03296101838350296,-0.033494073897600174,-0.00673238281160593,23.292795471847057,10.363750510874567,24.121953010559082,0.4672664999961853,41.56523132324219,32.0,468
-0.030615962180308997,0.007126949656321234,-0.033062418922781944,-0.03346991911530495,-0.0057974508963525295,22.82113333940506,4.8074975836918075,24.131397247314453,2.097322702407837,24.67890739440918,91.0,482
-0.029236497667928536,0.0041171945464838055,-0.03110553417354822,-0.03313779458403587,-0.02133135497570038,27.54792054494222,12.587945100760475,24.69468402862549,13.270767211914062,54.155006408691406,26.0,485
-0.02966105585385646,0.008234576533592034,-0.033084459602832794,-0.03352060541510582,-0.006727850064635277,23.07498620024749,7.098760684312739,23.880983352661133,0.47106191515922546,36.661956787109375,61.0,491
-0.031409926458515904,0.004874966945907077,-0.033087627962231636,-0.033544596284627914,-0.013253523036837578,23.243111068552192,4.675803644164072,23.50040054321289,6.02594518661499,35.990806579589844,103.0,504
-0.030492760410363026,0.00517034070787518,-0.03299470990896225,-0.03355458006262779,-0.019244013354182243,24.164957436648283,9.354474347937929,23.46516227722168,5.950045108795166,49.106239318847656,49.0,509
-0.022525769425556064,0.0100737929766645,-0.022652687970548868,-0.033259980380535126,-0.011537721380591393,22.877167105674744,14.272415568695159,23.362751007080078,2.2194228172302246,42.563743591308594,12.0,512
-0.029187329486012457,0.004725507673757575,-0.031094860285520554,-0.03342939913272858,-0.020062271505594254,28.19749460220337,19.56531384635219,23.185659408569336,6.18522310256958,65.02406311035156,21.0,516
-0.02764509292319417,0.008740929252686058,-0.03248351067304611,-0.03309212252497673,-0.012521227821707726,28.474361419677734,8.580624505109277,23.691673278808594,23.184349060058594,43.329750061035156,15.0,520
-0.025937468744814396,0.006184265124841366,-0.02558007836341858,-0.03296349197626114,-0.019626226276159286,27.758190155029297,18.555350769651014,24.001381874084473,5.818479537963867,57.211517333984375,14.0,523
-0.028183399001136422,0.008519230348501043,-0.03303814120590687,-0.03350595384836197,-0.013425219804048538,23.355614751577377,10.510941003811821,23.441043853759766,2.106369733810425,44.132354736328125,32.0,528
-0.022959734313189983,0.007697831780638227,-0.023907500319182873,-0.03209293261170387,-0.011931004002690315,24.801679253578186,14.035405716415935,23.847082138061523,5.9766106605529785,45.53594207763672,13.0,530
-0.028784416046821408,0.008854099825807952,-0.033192094415426254,-0.033521559089422226,-0.006626915652304888,21.601532300313313,5.578423396010897,23.04744529724121,6.058255195617676,25.82573890686035,37.0,535
-0.027971682803971425,0.009241566217496573,-0.03238862752914429,-0.033510781824588776,-0.0059428829699754715,22.156585829598562,4.028856094534357,22.69208526611328,12.809535026550293,26.550331115722656,28.0,538
-0.022133439895696938,0.010089156388781249,-0.025817746296525,-0.031729307025671005,-0.005168959964066744,21.984078884124756,5.502317771762367,23.82273578643799,12.823461532592773,27.467382431030273,13.0,540
-0.031162954600793973,0.0022716391600293615,-0.03172244504094124,-0.03335936367511749,-0.026443831622600555,30.535836628505162,21.814663623887398,23.311233520507812,12.949663162231445,83.20742797851562,32.0,544
-0.03307211132986205,0.0003666658078596715,-0.03315429389476776,-0.03341855853796005,-0.03206700459122658,26.799646650041854,13.724724735871533,23.118895530700684,22.04806900024414,76.24961853027344,68.0,554
-0.03143363301124838,0.0037103218116330853,-0.03271261416375637,-0.03356150910258293,-0.01726176217198372,26.98556105295817,15.624890084367243,23.132183074951172,21.727001190185547,91.29209899902344,87.0,560
-0.02802565833553672,0.009920040805287337,-0.03326162323355675,-0.03353302925825119,-0.006692514289170504,23.730323529905743,12.715694805172072,22.74673080444336,0.41135743260383606,53.780860900878906,36.0,565
-0.026681472236911457,0.00476952739204384,-0.029552148655056953,-0.030532153323292732,-0.01996011473238468,42.578491846720375,40.679786756407324,22.834455490112305,5.654170989990234,99.2468490600586,11.0,568
-0.024559499075015385,0.005944146287943528,-0.027067553251981735,-0.03025396540760994,-0.016356978565454483,39.51180775960287,24.422235608478328,23.162107467651367,21.33928871154785,74.03402709960938,11.0,571
-0.02643650909885764,0.007727253757554359,-0.0297488234937191,-0.03283117711544037,-0.013417212292551994,36.426789581775665,36.12187299335399,23.269600868225098,2.018237352371216,97.14971923828125,15.0,575
-0.031783364713191986,0.0008599997980196551,-0.031585484743118286,-0.03342527896165848,-0.031075790524482727,38.91594352722168,31.70831536912753,23.086074829101562,22.735509872436523,102.3295669555664,23.0,580
-0.02738671423867345,0.007563154789362447,-0.030699437484145164,-0.032080188393592834,-0.010709512047469616,28.762327194213867,13.298083692124758,22.69096088409424,22.326478958129883,58.479732513427734,25.0,583
-0.026837343350052834,0.008542406915617272,-0.031864648684859276,-0.03329041600227356,-0.010921724140644073,25.822395006815594,15.82328088762191,22.774736404418945,5.957704544067383,58.44769287109375,23.0,586
-0.031179922115471628,0.0032886757820448334,-0.03225688263773918,-0.03341832384467125,-0.019219709560275078,30.33506433169047,32.896247618612215,23.07005023956299,5.923314571380615,164.88304138183594,86.0,594
-0.031124995555728674,0.0036315438672169325,-0.03242134861648083,-0.03348056226968765,-0.02029677852988243,30.056053161621094,23.984983223025438,22.534259796142578,21.909305572509766,109.56692504882812,57.0,598
-0.02699959714134986,0.008557543161848155,-0.03056534379720688,-0.03325880691409111,-0.006704680155962706,26.29883946342902,17.99514506786875,23.06589126586914,0.45509985089302063,79.20308685302734,46.0,604
-0.02707727998495102,0.007817687395425637,-0.03185114450752735,-0.033161282539367676,-0.012797670438885689,27.315003951390583,19.20529154322136,22.315739631652832,6.08386754989624,68.12623596191406,23.0,608
-0.026487577396134537,0.008114961168922965,-0.031073324382305145,-0.03312130272388458,-0.011214859783649445,27.504741350809734,19.345836283215228,22.664237022399902,5.722637176513672,68.46324920654297,23.0,612
-0.027259493246674538,0.005091653134934655,-0.02989904209971428,-0.03289562091231346,-0.019797975197434425,37.12078523635864,37.29340250990179,22.995637893676758,5.862905979156494,110.50018310546875,20.0,616
-0.027508826972916723,0.008921585372161506,-0.03209663927555084,-0.033254873007535934,-0.006713713053613901,27.610954838991166,23.64499207154385,22.50052833557129,0.45165807008743286,95.70556640625,42.0,619
-0.029472174266209968,0.005168627298851566,-0.03187718614935875,-0.033186182379722595,-0.013163439929485321,28.705819918559147,28.11578131894688,22.154712677001953,2.06778883934021,124.255859375,59.0,624
-0.026033107563853262,0.010145580189669805,-0.030739683657884598,-0.03279818221926689,-0.005234997719526291,22.492439541220666,9.76585948791298,22.41735553741455,0.4521816670894623,44.00641632080078,40.0,628
-0.029635379168515403,0.00732617318745475,-0.03265497833490372,-0.0333571657538414,-0.006294063292443752,23.353073279062908,7.1314713792072375,22.44437313079834,12.03400993347168,44.98789978027344,53.0,632
-0.0284073588305286,0.007013643611830655,-0.03127102553844452,-0.033384233713150024,-0.012123794294893742,28.600751876831055,20.68163235174873,21.915830612182617,11.923023223876953,78.53915405273438,29.0,636
-0.030317615451557294,0.0041141620494246885,-0.03224102035164833,-0.033397987484931946,-0.019925102591514587,28.537865025656565,28.818702062253525,21.62197780609131,5.830548286437988,131.33108520507812,65.0,643
-0.026664476043411663,0.009761449776216487,-0.032446715980768204,-0.03328513726592064,-0.006721705198287964,34.388784987585886,40.46811651183054,21.493127822875977,0.3839457035064697,131.859375,28.0,645
-0.026265386142767966,0.008663403070439902,-0.03077759128063917,-0.0332515649497509,-0.00672988872975111,32.836985144764185,36.583800140207174,22.05973720550537,0.376510888338089,127.70889282226562,32.0,650
-0.028813894305910383,0.006440280088286401,-0.03159705922007561,-0.0321136899292469,-0.013117160648107529,39.03705334663391,50.44243109523733,21.727624893188477,2.006474256515503,161.4281005859375,30.0,653
-0.031071149847573705,0.002622927549385426,-0.03222417086362839,-0.033244211226701736,-0.025485608726739883,40.198255115085175,50.29398075557522,22.366592407226562,21.350996017456055,182.44268798828125,43.0,661
-0.024157090578228235,0.009601101904693134,-0.02768644690513611,-0.032752491533756256,-0.008502976968884468,40.64329385757446,32.29394590420248,22.476346969604492,21.05586814880371,96.56461334228516,15.0,663
-0.02808018484049373,0.004493469107044825,-0.029050566256046295,-0.03277460113167763,-0.020072750747203827,35.618397341834175,43.7868439671927,21.949378967285156,5.470265865325928,158.51976013183594,40.0,668
-0.022870742050664767,0.011319132507838864,-0.028393473476171494,-0.03274896740913391,-0.003968041855841875,23.977147966623306,14.824845175662269,22.4332218170166,0.45533689856529236,55.136985778808594,25.0,671
-0.030838815824073905,0.003246976253491815,-0.032164931297302246,-0.03330723196268082,-0.01998741365969181,31.10055143692914,36.79942668977154,22.141376495361328,12.588303565979004,177.80323791503906,80.0,683
-0.02591386375327905,0.007380503334937301,-0.02878969069570303,-0.032932355999946594,-0.013367267325520515,43.68389399846395,58.99551983930441,21.10929298400879,2.1337671279907227,174.66102600097656,25.0,686
-0.03134557899708549,0.0030455018965524837,-0.032604457810521126,-0.033335376530885696,-0.021992318332195282,30.80239741007487,31.8787823977738,21.102355003356934,20.004535675048828,136.4908447265625,57.0,692
-0.029110908864394706,0.0073611541652470625,-0.03260206803679466,-0.033398207277059555,-0.0067297485657036304,26.208701889304553,22.500069616411157,22.17188835144043,0.33125540614128113,113.76812744140625,76.0,696
-0.025862123506764572,0.006555204771774072,-0.029149518348276615,-0.03148920461535454,-0.01421375572681427,38.77540524800619,46.2595196937267,21.756823539733887,5.027666091918945,141.31777954101562,24.0,699
-0.030154636661921228,0.006971876140671581,-0.03232579305768013,-0.03332984820008278,-0.004955234006047249,23.38918583733695,12.517434196418984,21.500944137573242,2.114114284515381,75.66565704345703,96.0,704
-0.030655397818638727,0.004152943563755921,-0.032234665006399155,-0.03322621434926987,-0.017506031319499016,30.33766291691707,33.66726180048485,21.324125289916992,11.899456024169922,146.5445556640625,60.0,709
-0.026394549012184142,0.009083330961991183,-0.031318736262619495,-0.033257972449064255,-0.006179153919219971,23.968678760528565,15.035546811023426,21.32176685333252,2.0755205154418945,65.16685485839844,41.0,713
-0.029091178354891865,0.005600354250717262,-0.03164806216955185,-0.0331728421151638,-0.01389734260737896,32.757767937400125,39.70209843395766,21.53087043762207,11.897336959838867,157.80519104003906,50.0,718
-0.02352280858904123,0.00847824582666839,-0.02705981396138668,-0.03193657472729683,-0.013145294040441513,49.281651449203494,65.13821032670597,21.918615341186523,1.9147326946258545,178.6285858154297,18.0,720
-0.020393524086102843,0.006573338183620585,-0.019937111996114254,-0.028467385098338127,-0.013232487253844738,52.64182782173157,65.34600875553159,22.096561431884766,1.5278444290161133,164.84634399414062,13.0,723
-0.029840966474942186,0.005485325175340287,-0.03194638527929783,-0.03303331136703491,-0.013293303549289703,26.666852268305693,28.293801673509947,21.14095973968506,2.239086389541626,154.71035766601562,102.0,730
-0.027858861589006016,0.005564892191963967,-0.030878841876983643,-0.03263487294316292,-0.018464935943484306,39.95784493855068,53.707222974641255,21.49786949157715,5.944632053375244,170.87228393554688,29.0,733
-0.027417584407058628,0.006720246477737997,-0.03064749948680401,-0.03335992246866226,-0.0132132638245821,34.97906359759244,51.17502725080629,20.914377212524414,1.8906960487365723,195.86741638183594,49.0,738
-0.025183554273098707,0.010813849429861782,-0.0322404820472002,-0.03319332376122475,-0.006729983724653721,30.683338828384876,36.455042879035865,20.140254020690918,0.4520755410194397,125.62513732910156,31.0,742
-0.027788312691781256,0.006161585928404186,-0.02927866205573082,-0.03285800293087959,-0.014705635607242584,40.12334367964003,59.89036323315398,21.41422462463379,5.388575553894043,208.9278106689453,39.0,746
-0.028953375527635217,0.006122687246050134,-0.031684182584285736,-0.03277406841516495,-0.013260483741760254,47.8972002863884,79.13783834897615,21.293569564819336,1.5319037437438965,256.5791320800781,35.0,751
-0.03150310470826096,0.0012557068276532204,-0.031734541058540344,-0.03309861570596695,-0.028417065739631653,52.567380057440865,89.08316480928472,21.15852928161621,18.802135467529297,304.50469970703125,43.0,754
-0.02329381718300283,0.008798070834626798,-0.026058966293931007,-0.03225582093000412,-0.008801515214145184,59.97304344177246,70.29225951235709,20.529048919677734,17.141220092773438,181.69285583496094,16.0,756
-0.029014307539910078,0.00663437712302525,-0.0312095507979393,-0.0332750529050827,-0.012746332213282585,26.373244251523698,27.65944802463878,19.424713134765625,1.492215633392334,124.28544616699219,62.0,761
-0.029033396925245012,0.004204394211575375,-0.030135104432702065,-0.031780436635017395,-0.018910299986600876,55.968760286058696,92.22031082423679,21.153350830078125,5.2957072257995605,281.463134765625,31.0,764
-0.03031077329069376,0.0038311988312176894,-0.03214667737483978,-0.03312964737415314,-0.01900293305516243,39.38362375895182,62.02550807169439,20.797263145446777,18.045013427734375,245.01446533203125,57.0,766
-0.021534974873065948,0.008089805501451804,-0.0233150664716959,-0.03148215264081955,-0.006725596264004707,70.55436595082283,112.08015045898341,17.288358688354492,0.47235503792762756,294.18310546875,19.0,769
-0.028591280182202656,0.003989862484265699,-0.028907906264066696,-0.033152610063552856,-0.023237479850649834,47.356886545817055,76.162789081476,19.815961837768555,18.80501365661621,262.73699951171875,42.0,776
-0.027251402754336594,0.008368318748713154,-0.030886586755514145,-0.033131930977106094,-0.006732677109539509,40.31946559250355,65.23234246919671,20.866990089416504,0.44410470128059387,235.14566040039062,42.0,779
-0.01976720173843205,0.005975215817822111,-0.01893386011943221,-0.028042905032634735,-0.013158181682229042,66.9207888841629,91.48905152947474,20.482333183288574,1.8825974464416504,224.8358917236328,13.0,781
-0.02625760603696108,0.0070161083102605725,-0.02936775330454111,-0.032662078738212585,-0.012893296778202057,38.65615431070328,60.696124291606445,20.935022354125977,1.8794275522232056,219.9586639404297,43.0,784
-0.029077118159168296,0.0058261877846014325,-0.030694736167788506,-0.03301668167114258,-0.013144557364284992,55.47252270910475,105.0944126847017,21.035524368286133,1.858957052230835,352.24847412109375,40.0,788
-0.02959344144910574,0.006291779147943255,-0.03127926215529442,-0.033250339329242706,-0.006614792160689831,26.343351491292317,20.328093988810352,21.234773635864258,16.728870391845703,102.06013488769531,69.0,794
-0.02990258643951486,0.006184631845890889,-0.031850919127464294,-0.03302376717329025,-0.006390637718141079,23.453308554256665,15.774161185665296,19.9656925201416,11.28291130065918,85.90425109863281,78.0,800
-0.02882213518023491,0.004916426084018132,-0.0320073664188385,-0.0331357903778553,-0.020315269008278847,51.38328945636749,87.19645386090414,19.83673095703125,9.054097175598145,281.8665466308594,36.0,803
-0.022767243068665267,0.008462336412523901,-0.027802124619483948,-0.02954937145113945,-0.006733335088938475,71.64314165115357,112.32951492169384,20.47203826904297,0.32591867446899414,295.74383544921875,18.0,805
-0.02352923327125609,0.008135755531008832,-0.02532313112169504,-0.03156962990760803,-0.0067296274937689304,33.47512651085854,47.21158304214882,19.742799758911133,0.41732460260391235,173.9598388671875,41.0,809
-0.029396031184920242,0.004491666098786868,-0.03083761315792799,-0.033226825296878815,-0.018921710550785065,34.40052124432155,56.819019008107304,19.858920097351074,4.323636531829834,238.73318481445312,64.0,814
-0.029165084617069133,0.004986736419813184,-0.030688825994729996,-0.03289836645126343,-0.013064072467386723,47.0701079918788,97.5515864507186,20.602357864379883,1.5391199588775635,384.5415344238281,60.0,820
-0.030194225534796715,0.002561544000007874,-0.031232357025146484,-0.03260106220841408,-0.025283392518758774,88.18796768188477,137.1622572273579,21.350467681884766,17.41269874572754,362.4866943359375,23.0,823
-0.020167858960727852,0.006409035195899812,-0.020731734111905098,-0.027720149606466293,-0.01205169316381216,120.98998896280925,143.0750094435649,19.950504302978516,19.69091033935547,323.32855224609375,12.0,825
-0.02337521951024731,0.009141766812509191,-0.026645461097359657,-0.033168330788612366,-0.00671139033511281,36.873535169495476,54.29222082430458,20.087629318237305,0.3239098787307739,189.40362548828125,36.0,829
-0.02809506142511964,0.006573534377833934,-0.030825083144009113,-0.03289958834648132,-0.011791453696787357,41.776738834381106,71.9549222099401,19.66215419769287,4.828293800354004,257.2191162109375,44.0,831
-0.026813448999415745,0.007416783094690673,-0.031466782093048096,-0.0330062173306942,-0.012551752850413322,35.695959665558554,54.16292636475691,20.230918884277344,1.8259207010269165,206.11444091796875,47.0,838
-0.02993814176058068,0.0052227608399161,-0.031599659472703934,-0.033207159489393234,-0.012728523463010788,28.00137191660264,37.61526173000788,19.597511291503906,5.2047343254089355,177.84793090820312,78.0,843
-0.03074959044655164,0.003504238414646548,-0.031913237646222115,-0.033154308795928955,-0.01986529491841793,47.42572617530823,97.55412918143347,19.421846389770508,5.0085554122924805,370.703857421875,56.0,845
-0.02885259022670133,0.005738778987679278,-0.03191656246781349,-0.03315719589591026,-0.01569736748933792,55.731222425188335,89.57822854555256,19.428194046020508,18.2355899810791,275.1418762207031,31.0,848
-0.029766657966233435,0.004839166281662073,-0.0317867211997509,-0.03321152552962303,-0.01290365494787693,36.09919939722334,78.52356231682732,19.140626907348633,1.8367693424224854,386.83660888671875,100.0,856
-0.029247489080510357,0.006198653399533379,-0.030989937484264374,-0.033182986080646515,-0.010099207051098347,39.79920161854137,61.500705482340116,20.22050666809082,19.38418960571289,234.26849365234375,50.0,860
-0.026750722201541066,0.0058094591201783745,-0.02925943396985531,-0.03253217414021492,-0.016642846167087555,55.36631220579147,99.11137900933446,19.992655754089355,5.006219387054443,317.2610168457031,34.0,862
-0.026293807352582615,0.0065287910731357994,-0.029262877069413662,-0.03156255558133125,-0.01308695413172245,85.22395267089207,155.10828030621204,19.394160270690918,1.860256552696228,431.74853515625,25.0,864
-0.02931927176921264,0.004535998576987671,-0.029957447201013565,-0.033053964376449585,-0.012003568932414055,28.704229852427606,42.70975976952695,19.645679473876953,17.232358932495117,228.989013671875,110.0,871
-0.019578137341886757,0.0097685829095047,-0.018098009750247,-0.03174150362610817,-0.0041198995895683765,56.17003288269043,81.91419343626765,18.384368896484375,4.996822357177734,219.64614868164062,18.0,874
-0.022984249144792558,0.00571232915785291,-0.024907177314162254,-0.030733492225408554,-0.015103697776794434,76.60328483581543,121.53775485083787,19.673120498657227,5.016365051269531,319.41796875,19.0,875
-0.029241548333730962,0.005304559219898389,-0.031231367960572243,-0.033060718327760696,-0.01310870610177517,33.41406423515744,63.88600586358744,18.99492645263672,1.7102248668670654,296.31329345703125,83.0,879
-0.029087869683280587,0.004842309070310178,-0.030626829713582993,-0.033085938543081284,-0.01324540562927723,42.021842032670975,93.04611244287217,19.11763286590576,1.70676851272583,402.0133056640625,74.0,886
-0.0292882330249995,0.005577402861255383,-0.031386799179017544,-0.03294219449162483,-0.006706034764647484,40.862342232217394,106.83015810841455,19.459357261657715,0.34034618735313416,552.8630981445312,114.0,891
-0.026425329328048974,0.008543332466053792,-0.029499790631234646,-0.03295425325632095,-0.005141376052051783,34.11504316329956,39.303835162571644,19.510958671569824,18.371877670288086,138.09829711914062,34.0,895
-0.029720993246883154,0.003641796554680359,-0.03156963735818863,-0.03246736526489258,-0.018358485773205757,37.822902381420135,75.72690158096917,18.84130573272705,9.87362003326416,330.9834899902344,75.0,899
-0.02840577174598972,0.007270916042441326,-0.0314582996070385,-0.0330013707280159,-0.011440198868513107,34.03689444065094,57.54321195015919,18.150238037109375,1.8024115562438965,224.28616333007812,52.0,902
-0.02813140709291805,0.00534530006450177,-0.03116222284734249,-0.0331609882414341,-0.018504804000258446,58.97760581970215,130.95557503046945,19.03731918334961,4.882204055786133,472.8960876464844,50.0,906
-0.029121802110845845,0.006039392008328416,-0.03152992203831673,-0.03298728168010712,-0.0067294263280928135,34.97294074131383,74.11154993520834,18.024989128112793,0.3180576264858246,340.0689392089844,83.0,913
-0.029103367050227365,0.005868261286191269,-0.03142964839935303,-0.032679758965969086,-0.006733443588018417,48.02855281139675,126.62088340046384,19.173368453979492,0.3794403672218323,584.9285888671875,89.0,918
-0.02508898808931311,0.008230664909745132,-0.02972594927996397,-0.032158367335796356,-0.009226075373589993,59.42101256052653,91.82301797903537,18.54091453552246,17.00628662109375,264.7296142578125,25.0,920
-0.030011293877448355,0.004205201466082542,-0.03213705122470856,-0.03274748474359512,-0.01969281956553459,48.69522666931152,113.3246782732599,18.107528686523438,4.611354827880859,457.08856201171875,65.0,924
-0.02432200458965131,0.009194897162188393,-0.02984314225614071,-0.03195320814847946,-0.00670753326267004,86.9131215768201,173.82079382415665,19.043750762939453,0.32259711623191833,512.3876953125,28.0,926
-0.027604787222420175,0.0072792549982119,-0.030108765698969364,-0.033151257783174515,-0.006729903630912304,58.73725059876839,137.82712283234724,18.841215133666992,0.3692544996738434,515.5440673828125,53.0,930
-0.027649082210181013,0.00858142391204158,-0.03077897522598505,-0.032953981310129166,-0.006679886486381292,40.087682138596264,80.64206491425755,19.152650833129883,0.3294786512851715,330.309814453125,61.0,932
-0.029213583979167436,0.005785126615003199,-0.03153747692704201,-0.033117663115262985,-0.009619038552045822,30.667630597164756,56.158643235806004,18.224870681762695,4.919487953186035,268.58428955078125,88.0,936
-0.021275582490488887,0.00960069341333821,-0.020482631400227547,-0.0320659764111042,-0.0033282791264355183,39.51033926010132,53.46471757374767,18.60444927215576,4.717076301574707,158.53248596191406,22.0,939
-0.026269553125732474,0.006811189717572879,-0.028619086369872093,-0.032701507210731506,-0.008071326650679111,60.068929248385956,122.37394942220956,17.789485931396484,10.150129318237305,406.123291015625,40.0,941
-0.028454495966434477,0.005374663756804827,-0.031077556312084198,-0.032776642590761185,-0.013176122680306435,50.17055575052897,126.27686693621618,17.665916442871094,1.5660934448242188,522.409423828125,70.0,946
-0.029387803624073665,0.003661570378571826,-0.03109043277800083,-0.032674845308065414,-0.020007336512207985,54.272421518961586,134.34407721992244,18.254444122314453,16.782026290893555,556.9337768554688,72.0,950
-0.025958988660325606,0.008007469586202841,-0.028927665203809738,-0.0319923534989357,-0.0067154401913285255,38.347637551526226,73.90476531678014,17.409140586853027,0.3032996356487274,282.926513671875,51.0,953
-0.029868482451500564,0.003262531937926825,-0.03114696778357029,-0.03304554149508476,-0.019599851220846176,43.42090193978672,134.6157397341058,18.331308364868164,4.861277103424072,755.6066284179688,141.0,960
-0.028347951639443637,0.005869825415654496,-0.03024269826710224,-0.03259790688753128,-0.01209306064993143,78.06443042755127,178.69697070456357,18.38811492919922,16.99762535095215,614.1495361328125,47.0,963
-0.02770154271274805,0.006836052695205014,-0.030215103179216385,-0.03249502554535866,-0.006717273965477943,50.14202373102307,130.5042850639998,17.59967803955078,0.350210964679718,555.32080078125,73.0,965
-0.029499970030571733,0.005294714231454973,-0.031131215393543243,-0.032948121428489685,-0.006733240559697151,30.285276194981165,73.51706522971426,18.1915225982666,0.30887794494628906,458.536376953125,166.0,972
-0.02936197747476399,0.003299686503255227,-0.030467400327324867,-0.033033259212970734,-0.019647663459181786,43.65113316476345,145.2964632902782,17.948341369628906,4.7737717628479,852.5023193359375,155.0,979
-0.02945385950927933,0.004801115407589804,-0.030648864805698395,-0.03302272781729698,-0.006732636597007513,37.24382588357636,113.23225922444001,17.662342071533203,0.3596487045288086,677.529296875,157.0,984
-0.02937978007165449,0.0041683582830230334,-0.030979708768427372,-0.033066049218177795,-0.012806456536054611,59.237548261880875,217.79992812254676,17.842754364013672,1.3371204137802124,1190.827392578125,135.0,989
-0.029318838939070703,0.0029603760137421995,-0.029651780612766743,-0.03284692019224167,-0.021625874564051628,34.74679063796997,123.43465424934195,17.02604389190674,14.594265937805176,898.75146484375,248.0,996
-0.029643997670181336,0.003740301278156637,-0.030949130654335022,-0.03286975994706154,-0.017591772601008415,44.58387279510498,149.02316300158907,17.3275146484375,15.073102951049805,860.7921142578125,151.0,1001
-0.026392325589602642,0.005860950007165042,-0.027084877714514732,-0.032765112817287445,-0.013043312355875969,95.96907757629047,252.97145787172357,17.54437828063965,1.5798419713974,895.799072265625,49.0,1004
-0.028606507543008773,0.005416190236705683,-0.03055459726601839,-0.03291599452495575,-0.0067207650281488895,32.10992449074983,95.72994130619371,16.8205509185791,0.28458720445632935,629.646484375,191.0,1010
-0.029990351726782733,0.0037824847743703253,-0.031242085620760918,-0.03300090506672859,-0.01740327849984169,47.833993977513806,164.9399028229336,17.03936004638672,3.746737480163574,920.51171875,139.0,1018
-0.029080366069565013,0.0038349818669002524,-0.030194779857993126,-0.03294505923986435,-0.012785008177161217,39.773095863206045,160.41866187006875,16.92583465576172,1.4317823648452759,1151.04931640625,239.0,1026
-0.028596941298112657,0.005405984161577472,-0.02975950762629509,-0.032937947660684586,-0.006704310420900583,21.63991635502913,41.472343595752335,15.99658203125,0.293292373418808,276.71923828125,186.0,1031
-0.025739067402254377,0.007226943318081593,-0.0273244334384799,-0.03238571435213089,-0.0026715390849858522,24.292035738627117,42.06534236319224,14.75942325592041,4.008933067321777,197.38868713378906,82.0,1032
-0.02922115066066021,0.003918028845057232,-0.03054875135421753,-0.03294498473405838,-0.015114743262529373,40.26699138269192,155.47217204468888,15.829544067382812,8.346614837646484,1023.509765625,200.0,1037
-0.028474244317322067,0.004130427291953742,-0.02998260036110878,-0.032912541180849075,-0.013098455965518951,65.33990839033416,282.2587203148663,15.654468536376953,1.3367984294891357,1661.9541015625,160.0,1042
-0.02906433932483196,0.004275418601665366,-0.03084479458630085,-0.03291936591267586,-0.014745326712727547,55.701789703369144,198.32304074174553,15.483221054077148,11.008391380310059,1027.267578125,122.0,1046
-0.028132240327590322,0.005502365239143986,-0.029828481376171112,-0.032597072422504425,-0.004402431193739176,22.026678040940713,48.59199987566187,15.44543170928955,0.26911431550979614,351.2103271484375,225.0,1051
-0.028445304456082256,0.0032751593809844702,-0.02996322326362133,-0.03165825083851814,-0.019998781383037567,85.48849972811612,323.1534428356588,15.249250888824463,8.521239280700684,1566.346435546875,107.0,1054
-0.029179175916527,0.004045241274074271,-0.03027968294918537,-0.03271550312638283,-0.012646809220314026,71.05865349088397,291.47229292200643,15.1867995262146,12.087789535522461,1585.58349609375,138.0,1056
-0.029040606992859996,0.003220713653347759,-0.030049266293644905,-0.03283808380365372,-0.01966598629951477,40.231931870983495,199.47819543200518,14.756914615631104,12.542988777160645,1598.18701171875,307.0,1061
-0.028544497050877127,0.00563330750905785,-0.030316490679979324,-0.0327753946185112,-0.006730775814503431,43.78139694673674,177.5162633771617,13.922701835632324,0.231502503156662,1078.7724609375,168.0,1064
-0.02877387921991093,0.005448524556948245,-0.03081958368420601,-0.03286037966609001,-0.006732987705618143,42.40382675698825,169.51673829495036,13.851494789123535,0.294961541891098,1030.7437744140625,168.0,1070
-0.028706930466552278,0.005011304439785484,-0.030354201793670654,-0.03272663429379463,-0.0035903030075132847,22.835757584714177,72.58703767076379,14.112842559814453,0.2656899690628052,612.271484375,326.0,1079
-0.027995268777012826,0.004336275637166367,-0.028563007712364197,-0.032384295016527176,-0.0169571153819561,85.25684421539307,350.570772464364,14.711645126342773,3.650589942932129,1802.6380615234375,120.0,1083
-0.02783102884888649,0.005384310877702354,-0.029106179252266884,-0.032816655933856964,-0.006731189787387848,27.202640322446822,123.34435115572776,13.300188064575195,0.2086123526096344,1088.0400390625,368.0,1089
-0.028500736929567123,0.004340103205322637,-0.029363946989178658,-0.03280706703662872,-0.006733444985002279,39.016198992365744,166.25092353372565,13.125452041625977,0.20747552812099457,1090.3887939453125,198.0,1093
-0.028564818552695215,0.004495893461551868,-0.030203046277165413,-0.0322091206908226,-0.006701105739921331,54.97928514188299,300.42278573121627,13.164477825164795,0.2356506735086441,2200.38232421875,254.0,1101
-0.0273786785214075,0.00559510718607092,-0.029357289895415306,-0.0325683057308197,-0.009444313123822212,43.93667183603559,166.89584555142767,12.126287937164307,8.985836029052734,911.1347045898438,136.0,1104
-0.029053853824734688,0.0036297432454884125,-0.029827076941728592,-0.03258219733834267,-0.01207168959081173,55.04661981114801,307.48424936336306,12.359026908874512,1.1118688583374023,2272.3056640625,260.0,1108
-0.028075353977711576,0.005519651114722131,-0.02985837496817112,-0.03240207955241203,-0.011642904952168465,123.31414749747829,472.06172789377115,11.96004867553711,11.022927284240723,2126.10107421875,93.0,1110
-0.026544902995228766,0.005609715600966609,-0.029280543327331543,-0.03155500069260597,-0.010346498340368271,82.4634395980835,341.1053944192204,12.936051368713379,9.693852424621582,1753.5224609375,121.0,1113
-0.02689775727365328,0.004893109036277736,-0.02844284474849701,-0.032577820122241974,-0.012740908190608025,131.38190422369087,559.1146873114526,12.93988037109375,1.0639227628707886,2753.835205078125,110.0,1117
-0.027708213950973004,0.005005983983063812,-0.02897282224148512,-0.0323106050491333,-0.009660247713327408,32.91106480360031,119.29647863144686,11.880637168884277,8.474893569946289,697.1031494140625,155.0,1121
-0.028763554245233535,0.0036930737493511235,-0.030091427266597748,-0.032669421285390854,-0.015942001715302467,41.38863356763666,218.23498388916204,12.140567779541016,3.10925555229187,1645.0447998046875,271.0,1125
-0.02800698563652603,0.003539671580845431,-0.028998938389122486,-0.032521117478609085,-0.01975267194211483,77.90272099093387,402.1023747508926,12.030666828155518,7.379653453826904,2523.785400390625,187.0,1130
-0.02783287957842861,0.005325933549096736,-0.02917744219303131,-0.032605577260255814,-0.006629752926528454,49.9026290591274,223.331155810559,11.909064292907715,0.19997967779636383,1352.065673828125,166.0,1134
-0.028434293158352376,0.00435595948247221,-0.02954481728374958,-0.032521214336156845,-0.006484598852694035,20.74413681348165,80.61434790046725,11.495796203613281,3.0483458042144775,714.1262817382812,367.0,1142
-0.02786228572949767,0.004617509377760111,-0.02909922879189253,-0.032664552330970764,-0.011722817085683346,32.606529315312706,138.00116569413166,11.361204147338867,6.273049831390381,916.1990356445312,204.0,1144
-0.02852984205545748,0.003348801461776306,-0.02961380034685135,-0.03260243311524391,-0.018750296905636787,51.57009105121388,330.6958151472552,11.34907865524292,2.9144287109375,2758.411865234375,335.0,1149
-0.027588591668754815,0.005381445282177541,-0.02924339659512043,-0.03206019476056099,-0.006729210261255503,141.78597852885724,641.9852484467468,11.43736743927002,0.18166689574718475,3286.83837890625,119.0,1152
-0.027014840303150857,0.007455398172184115,-0.029751263558864594,-0.031952518969774246,-0.0009873106610029936,40.134156641752824,137.73143481060782,11.015694618225098,8.640108108520508,686.1441650390625,109.0,1155
-0.02735524844112141,0.005401894527610762,-0.02924740593880415,-0.03240189328789711,-0.006550626829266548,28.633409074374608,95.73195482817064,10.450000762939453,5.582243919372559,526.0098266601562,133.0,1158
-0.02881396858720109,0.0028737476152076442,-0.02938610315322876,-0.03216001018881798,-0.020342178642749786,116.15431244671345,586.4098730145136,11.107632160186768,6.069577693939209,3381.141357421875,157.0,1162
-0.027196675539016724,0.004227262261713293,-0.028024474158883095,-0.03208930045366287,-0.010776413604617119,73.84853970727255,409.7503814929772,10.848094940185547,7.1317901611328125,2729.325927734375,212.0,1167
-0.027601682658617694,0.006044416989958582,-0.02977175824344158,-0.03238395228981972,-0.005629789084196091,30.72710364891423,121.04625259433712,10.758542537689209,0.22865217924118042,746.7439575195312,170.0,1170
-0.027840130072809867,0.004129279138441795,-0.02951660379767418,-0.03229181841015816,-0.011877191253006458,43.49684106769846,268.09298296492375,10.621549606323242,5.909107685089111,2221.479736328125,330.0,1177
-0.028700697800200996,0.004178344077496231,-0.02998947724699974,-0.032354146242141724,-0.006602593697607517,32.93558592868574,184.01520868348305,10.362905502319336,0.6724555492401123,1516.47216796875,322.0,1182
-0.027309926701899693,0.005279877390240637,-0.029180992394685745,-0.032487016171216965,-0.012704212218523026,40.38270273987128,211.34601676837045,10.23976993560791,2.561641216278076,1504.592041015625,238.0,1185
-0.02844782084083328,0.0032751416785296934,-0.029702321626245975,-0.0321686752140522,-0.019262585788965225,56.02417710652718,331.5542012016451,9.870832920074463,2.579941987991333,2423.775390625,255.0,1193
-0.02385895309271291,0.008374591035422064,-0.02769438549876213,-0.031137939542531967,-0.005402952432632446,108.07604892272502,382.0240940221664,10.086493492126465,0.1866418868303299,1587.619140625,71.0,1194
-0.02889602428704903,0.003928800793919284,-0.029848437756299973,-0.03250893950462341,-0.004911995027214289,31.598610225024522,229.2645123844564,9.868415832519531,2.4184889793395996,2436.12548828125,549.0,1201
-0.028002398509887002,0.004976716797415526,-0.029447346925735474,-0.032426316291093826,-0.00779679324477911,64.23094217266355,352.47332952206693,9.634604930877686,0.9188028573989868,2321.141845703125,203.0,1204
-0.02779284726048625,0.0047844561665325415,-0.029100097715854645,-0.032465964555740356,-0.009211277589201927,46.50801528886307,242.3855563027431,9.51873779296875,0.8874964714050293,1617.311767578125,207.0,1210
-0.027539225633848797,0.0038766748344419197,-0.028713736683130264,-0.032185640186071396,-0.016056448221206665,58.57208517464724,324.36219941017157,9.309737205505371,2.3935322761535645,2185.542724609375,214.0,1214
-0.024412019776978662,0.007012458619033756,-0.025529861450195312,-0.03163333237171173,-0.0030104401521384716,50.77408764475868,187.11591194029057,9.540961265563965,0.8080642223358154,887.5353393554688,96.0,1217
-0.027344307349994778,0.006250512787346705,-0.02928383368998766,-0.032008275389671326,-0.0019716094247996807,38.466981983184816,158.52715845488723,9.313003540039062,5.224978923797607,892.1439819335938,143.0,1220
-0.02730038852120439,0.004746878680105075,-0.02914288267493248,-0.032166775315999985,-0.013084650970995426,61.906618181864424,285.0803215190338,9.208213806152344,4.291828632354736,1597.091796875,144.0,1223
-0.027411601001707215,0.004243465933938202,-0.028537235222756863,-0.03212793916463852,-0.01477748155593872,57.9898876597484,337.68457376719925,9.02022409439087,2.3981244564056396,2373.015380859375,234.0,1226
-0.027423880191455627,0.005931063103168292,-0.02996925078332424,-0.03267611935734749,-0.008136806078255177,65.42998031295579,300.91830920691706,9.016711235046387,0.8694248795509338,1657.7041015625,137.0,1228
-0.02787842344198572,0.004848536184044698,-0.029716135933995247,-0.03253700211644173,-0.010762804187834263,70.91120229269329,379.9253404074226,8.882728099822998,2.3427534103393555,2381.8896484375,184.0,1231
-0.02725554632846839,0.0058738499746351985,-0.028941169381141663,-0.0325775146484375,-0.0054360427893698215,24.109132687632854,111.70499169196835,8.895220756530762,0.5641042590141296,821.7625122070312,251.0,1236
-0.028382186881370015,0.0028554943031507516,-0.02899633999913931,-0.032664380967617035,-0.020312365144491196,97.66531440946791,527.4367825847004,8.881233215332031,3.9906907081604004,3218.00439453125,176.0,1240
-0.02244591695489362,0.01000756034409529,-0.026189837604761124,-0.03260289132595062,-0.0020810829009860754,86.58683589349191,261.45199779264306,8.681206703186035,0.16949787735939026,953.6834716796875,50.0,1243
-0.021298938113349406,0.007070371363958251,-0.02116343379020691,-0.030017517507076263,-0.0036799360532313585,176.73162122206256,532.5471780411879,8.845425605773926,4.85048246383667,1860.78564453125,49.0,1245
-0.027383005888811474,0.0041075338622450636,-0.02761203981935978,-0.03255704045295715,-0.018670666962862015,137.7446182760699,686.3406376696439,8.436529159545898,2.2981817722320557,3769.50439453125,141.0,1248
-0.027848803298116696,0.005088638368522581,-0.02957353461533785,-0.031901467591524124,-0.0010127470595762134,24.655072662565445,116.25739602916657,8.77287769317627,6.830799102783203,871.0033569335938,264.0,1254
-0.026701871995572692,0.004154600468601697,-0.027092687785625458,-0.0320676825940609,-0.01808854378759861,119.76852899127536,570.3851586080617,8.229816436767578,4.418455600738525,3028.16552734375,131.0,1256
-0.02730223313847091,0.004445968010894557,-0.028541340492665768,-0.03229834511876106,-0.006732981186360121,141.26394328754395,741.8357215286106,8.580449104309082,0.15514954924583435,4271.6201171875,154.0,1260
-0.028577420860528946,0.003808882580224731,-0.029362895525991917,-0.032113343477249146,-0.012108096852898598,43.99486176172892,230.15715314765643,8.392323017120361,5.909944534301758,1517.708984375,205.0,1265
-0.02754449645100638,0.0038368255837965813,-0.028446335345506668,-0.03229372948408127,-0.015891604125499725,74.61128965089488,432.2158052679177,8.258962631225586,2.2269513607025146,2875.6767578125,210.0,1272
-0.02689953475880126,0.005162274412130809,-0.028972048312425613,-0.03187515214085579,-0.006639446597546339,161.32340045173962,824.9787524334527,8.388644218444824,0.13711124658584595,4603.9599609375,144.0,1274
-0.028639088171060947,0.004267633127012332,-0.029543746262788773,-0.032391149550676346,-0.007109133526682854,55.783229734076826,368.0124669997485,8.402665138244629,5.51898717880249,2906.39208984375,301.0,1281
-0.02453994571061974,0.006992269896824678,-0.027068092487752438,-0.03148293122649193,-0.00650404067710042,53.34076537327333,208.24999094802322,8.497068881988525,0.5599437952041626,1007.6185302734375,101.0,1284
-0.02831480497760432,0.0034888613112186604,-0.029293566942214966,-0.03199022263288498,-0.017660364508628845,69.924037197658,363.40048620543666,7.945944786071777,4.592685222625732,2188.888671875,170.0,1288
-0.028300430459369506,0.0039524298253416305,-0.029553405940532684,-0.03243377059698105,-0.012972772121429443,62.96513291554792,407.9734502896486,8.156752586364746,0.8181747198104858,3088.5625,273.0,1293
-0.02797793846248704,0.0040451653400189365,-0.029583781957626343,-0.03221258521080017,-0.012987143360078335,94.47925189663383,499.8878793295987,7.551923036575317,0.553424596786499,2966.104736328125,164.0,1297
-0.027893507162169102,0.004779119014428247,-0.02900833636522293,-0.03191381320357323,-0.006712927483022213,105.18191668463331,534.6455381113753,7.678114891052246,0.10470395535230637,3033.54052734375,148.0,1301
-0.021864375099539757,0.010288725707720018,-0.028051653876900673,-0.03090493008494377,-0.004712219350039959,194.79174415631726,592.669543799008,8.193642616271973,0.150246262550354,2068.96142578125,46.0,1302
-0.026830444039375175,0.004016203887481218,-0.027468640357255936,-0.032394856214523315,-0.01630854792892933,78.23933272268258,497.7666677048305,7.812966346740723,2.148585319519043,3597.968994140625,251.0,1308
-0.02803321747165738,0.0030718384340529584,-0.028392337262630463,-0.03230883926153183,-0.017635345458984375,91.46806138934511,476.1725289434965,7.6170196533203125,3.9671950340270996,2785.10009765625,162.0,1311
-0.027397153771016747,0.005378309760062061,-0.029681450687348843,-0.032367922365665436,-0.006710988003760576,88.90867868438363,511.01284494555307,7.400714159011841,0.11985650658607483,3280.167724609375,194.0,1315
-0.026707825963111484,0.004449064609892839,-0.027878294698894024,-0.03220942243933678,-0.013886677101254463,83.39598694969627,434.6228123041509,7.892627716064453,5.178857803344727,2580.103515625,166.0,1318
-0.028883562087401993,0.0034878232678912523,-0.029943673871457577,-0.03250574320554733,-0.01218291837722063,45.70234543329379,418.99679342822014,7.7288737297058105,0.7393688559532166,4654.658203125,604.0,1328
-0.027519748381832066,0.004809368713702899,-0.029315298423171043,-0.03246413543820381,-0.006640943698585033,47.38433596141198,328.9160901394035,7.420619249343872,0.1466132402420044,2739.65185546875,333.0,1334
-0.027123332016772646,0.004656862105322332,-0.028378893621265888,-0.032038647681474686,-0.0066559589467942715,67.50109104855972,493.2767932100619,7.39985990524292,0.14077302813529968,4105.1328125,333.0,1338
-0.025514137649831053,0.0071670166158085205,-0.028408672660589218,-0.03194509074091911,-0.003196692792698741,36.376634292925395,147.09168101165412,6.385932445526123,0.14693565666675568,741.75927734375,110.0,1341
-0.027966669194299628,0.005181948869363646,-0.029989222064614296,-0.032337453216314316,-0.004923644009977579,25.99720335006714,115.49712297123277,7.040629863739014,2.778529644012451,718.92236328125,178.0,1345
-0.027335932147839376,0.004990359405251194,-0.02909019961953163,-0.03163433074951172,-0.012054636143147945,207.28136970150857,1094.5841005978277,7.720731735229492,4.256367206573486,6202.56103515625,152.0,1351
-0.027667909324394935,0.004866411436726357,-0.028989162296056747,-0.0318765826523304,-0.007895228452980518,51.72429954644406,254.2607852612175,6.771752834320068,5.075278282165527,1490.029541015625,160.0,1354
-0.027347124367952346,0.003581419002781724,-0.02783806249499321,-0.032194968312978745,-0.019317159429192543,98.43858821868896,454.9303481240426,6.175629615783691,0.9877147674560547,2327.107177734375,120.0,1357
-0.02719575089092056,0.006335631674889939,-0.029888590797781944,-0.03196367621421814,-0.006722940132021904,61.517113918749,269.0314999988341,5.664602994918823,0.07925163954496384,1351.726806640625,111.0,1361
-0.027210579253733158,0.004568198302038886,-0.02937420643866062,-0.03212520852684975,-0.017053043469786644,67.65099506378174,333.4454934546034,5.8299925327301025,2.3390300273895264,1863.285888671875,144.0,1364
-0.026662898764602448,0.004580918668293406,-0.0279755350202322,-0.03189897537231445,-0.012340604327619076,67.10589607922654,370.7100132319729,6.7474939823150635,0.7412487864494324,2321.999267578125,184.0,1366
-0.026247324608266353,0.005960128053244127,-0.02843526192009449,-0.032297734171152115,-0.006681925617158413,138.19935404043645,818.7026301551443,6.948842525482178,0.08388423174619675,5250.98583984375,193.0,1372
-0.02496906981104985,0.006707401983360079,-0.027551296167075634,-0.03215385973453522,-0.006592674646526575,88.55166410716872,398.1990177149087,5.158885955810547,0.19114358723163605,1998.199462890625,112.0,1374
-0.025053780174089803,0.006820595290847792,-0.02701592445373535,-0.032310258597135544,-0.008671646937727928,35.858566448423595,196.62896145187148,6.669371128082275,0.599965512752533,1340.064208984375,217.0,1379
-0.0265641898759419,0.005496650474601374,-0.02864332776516676,-0.03201866149902344,-0.006222636438906193,20.981116399878548,93.74589169203846,6.564329147338867,1.9925981760025024,621.14208984375,202.0,1385
-0.027794284687843174,0.003960661231044864,-0.02861032448709011,-0.032133493572473526,-0.01678072288632393,63.38828854262829,318.8418314659415,6.3260040283203125,2.4965834617614746,1838.598388671875,155.0,1389
-0.027422629804773765,0.004141279878853993,-0.028557902202010155,-0.03215071186423302,-0.0114778783172369,89.7064103827332,473.2498122504155,6.311838626861572,0.7526572942733765,2766.793701171875,159.0,1393
-0.0279890028614318,0.004673448903679768,-0.029427711851894855,-0.032175637781620026,-0.006733444985002279,73.14204056048766,375.00183324015705,5.841553211212158,0.07344658672809601,2161.04296875,153.0,1398
-0.02654628370489393,0.005135286360983912,-0.027738148346543312,-0.031759120523929596,-0.006638074293732643,72.99071590644972,388.5948317470678,6.337722301483154,0.07684329152107239,2338.833740234375,168.0,1402
-0.026318083275109528,0.005410802052677984,-0.028440989553928375,-0.03203407675027847,-0.00657120393589139,85.00076125741005,391.06166630922536,5.36720609664917,0.1613406240940094,2000.776611328125,118.0,1406
-0.0243023546146495,0.007202544074764757,-0.02643649559468031,-0.032136864960193634,-0.005918797571212053,98.25879839781139,480.00954595662256,6.5915234088897705,0.07159575074911118,2592.431640625,132.0,1410
-0.02745243730262304,0.004732593036114693,-0.028477126732468605,-0.03219073265790939,-0.008250895887613297,33.320308275711845,169.34544335189432,5.980457305908203,0.6435830593109131,1077.174560546875,187.0,1415
-0.02602547463029623,0.0051886045445977205,-0.027276641689240932,-0.031944211572408676,-0.013355661183595657,161.639639767011,831.5493939483532,7.28570818901062,1.5269606113433838,4639.66015625,144.0,1417
-0.025697053938701347,0.00568034563550769,-0.027856597676873207,-0.031873978674411774,-0.006450776942074299,28.212801575660706,131.5447943178954,6.214706897735596,0.7192455530166626,817.3973388671875,176.0,1421
-0.0277655976622001,0.0038532243740966895,-0.028691408224403858,-0.032179150730371475,-0.015234269201755524,139.50061674740004,890.3473182603481,6.840941905975342,3.5598909854888916,6112.126953125,226.0,1429
-0.025934367501379355,0.0063970334837195105,-0.028465446084737778,-0.03149506077170372,-0.006705631967633963,67.57612104713917,296.64918055715253,4.500472068786621,0.1497928351163864,1458.965576171875,107.0,1430
-0.02698671366670169,0.005297135289702208,-0.028923509642481804,-0.03240982070565224,-0.012591095641255379,77.21477758698165,401.44486761541975,5.2338478565216064,0.6321247220039368,2312.3359375,155.0,1435
-0.027713045853978165,0.005683581487708246,-0.029533852823078632,-0.03230559080839157,-0.0042780679650604725,22.29442096215028,87.6032589765004,4.939624547958374,1.3381463289260864,460.2552490234375,124.0,1438
-0.026526122260838746,0.004933841032668301,-0.027627860195934772,-0.031043943017721176,-0.009291563183069229,158.65460941791534,669.8942726519757,5.005630970001221,1.2650084495544434,3078.6474609375,96.0,1442
-0.026016031242907047,0.005657722050427445,-0.027993805706501007,-0.03175501152873039,-0.006569241173565388,111.64690924406051,523.2963065420231,5.165694236755371,0.15212994813919067,2675.251220703125,119.0,1446
-0.02708656484117875,0.003344010187950845,-0.027330949902534485,-0.03213925659656525,-0.020284052938222885,49.82210035813161,275.49708237817583,5.152554988861084,1.7841819524765015,1748.0604248046875,193.0,1449
-0.027356778387911618,0.00497470620956021,-0.028391527943313122,-0.03142503276467323,-0.005453629419207573,18.681357756257057,75.91086701577987,5.125844240188599,2.208051919937134,441.2340087890625,154.0,1452
-0.028215479938999602,0.0037301242261246373,-0.029083183966577053,-0.03212893009185791,-0.01264849491417408,33.27651643753052,167.47582904900906,5.751234292984009,2.64184308052063,1051.9617919921875,184.0,1458
-0.026029011325501814,0.005061978157326132,-0.027480771765112877,-0.032061073929071426,-0.012447420507669449,42.43892619667984,233.62695615330438,5.072258472442627,1.3901286125183105,1519.9803466796875,199.0,1461
-0.02766360081732273,0.004109850763452865,-0.02878724504262209,-0.032116666436195374,-0.012674955651164055,217.07910281717778,1315.7226382783654,6.7535107135772705,0.6343294382095337,8433.7587890625,195.0,1465
-0.02784380658219258,0.003545976083076853,-0.028867896646261215,-0.031954847276210785,-0.015266835689544678,128.8369511862596,1030.9953520406568,6.253580570220947,3.755321502685547,8816.1513671875,358.0,1470
-0.02531073813367149,0.004963187721703045,-0.02638392522931099,-0.03129041939973831,-0.011754510924220085,41.15569786144339,175.1045281301034,4.050319194793701,0.37014222145080566,862.4270629882812,110.0,1471
-0.026165257742930506,0.005510422976416453,-0.027767548337578773,-0.03202509880065918,-0.0011409346479922533,14.681877652535567,61.71098058627551,4.487903118133545,0.23001745343208313,384.8235168457031,177.0,1474
-0.02705240732541791,0.004710004467813099,-0.02875635027885437,-0.03198089450597763,-0.005904975347220898,10.776124660615567,46.724880856108854,5.730929851531982,0.8172360062599182,428.4193420410156,398.0,1481
-0.027499783609528095,0.003030014788305419,-0.02814233023673296,-0.03175363689661026,-0.01765931397676468,95.109958358109,707.3717064812671,5.954577684402466,2.3354225158691406,5709.689453125,315.0,1488
-0.027970717969135597,0.004386562702084932,-0.029252173379063606,-0.03174492344260216,-0.004189567174762487,26.149744363014516,167.61116022322153,5.525944709777832,0.7397140860557556,1366.9810791015625,318.0,1495
-0.02615648919138415,0.00600705765419046,-0.027209561318159103,-0.03179123252630234,-0.004574568942189217,73.64666341913157,356.85960129931266,6.650731563568115,0.6658120155334473,1961.951416015625,136.0,1499
-0.02798038673016333,0.0025399900099909558,-0.02833791822195053,-0.03169789910316467,-0.022475527599453926,60.421739355210335,306.5190268228697,4.7015180587768555,1.6012616157531738,1739.281982421875,151.0,1501
